{"cameraMode":{"drawMode":0,"name":"Shaded","section":"Shading Mode"},"sceneLighting":false,"audioPlay":false,"sceneViewState":{"m_AlwaysRefresh":false,"showFog":true,"showSkybox":true,"showFlares":true,"showImageEffects":true,"showParticleSystems":true,"showVisualEffectGraphs":true,"m_FxEnabled":true},"in2DMode":false,"pivot":{"x":4.192018508911133,"y":1.2958898544311524,"z":0.11942815780639649},"rotation":{"x":-0.1940026879310608,"y":-0.02589794620871544,"z":0.005123433656990528,"w":-0.9806471467018127},"size":4.73516321182251,"orthographic":false}